timestamp,open,high,low,close,volume
2024-05-30,12.0300,12.0300,12.0300,12.0300,0
2024-05-29,12.0300,12.0300,12.0300,12.0300,0
2024-05-28,12.0300,12.0300,12.0300,12.0300,0
2024-05-24,12.0300,12.0300,12.0300,12.0300,0
2024-05-23,12.0900,12.2202,12.0300,12.0300,80032
2024-05-22,12.2300,12.2300,12.2300,12.2300,312
2024-05-21,12.2300,12.2300,12.2300,12.2300,106
2024-05-20,12.2300,12.2300,12.2300,12.2300,0
2024-05-17,12.2300,12.2300,12.2300,12.2300,0
2024-05-16,12.2300,12.2300,12.2300,12.2300,0
2024-05-15,12.2300,12.2300,12.2300,12.2300,1
2024-05-14,12.2300,12.2300,12.2300,12.2300,222
2024-05-13,12.2100,12.2100,12.0900,12.0900,254
2024-05-10,12.2202,12.2202,12.0900,12.0900,202
2024-05-09,12.0900,12.0900,12.0900,12.0900,100
2024-05-08,12.2300,12.2300,12.2300,12.2300,1
2024-05-07,12.2300,12.2300,12.2300,12.2300,8
2024-05-06,12.2300,12.2300,12.2300,12.2300,4
2024-05-03,12.2300,12.2300,12.2300,12.2300,1
2024-05-02,12.2300,12.2300,12.2300,12.2300,24
2024-05-01,12.2300,12.2300,12.2300,12.2300,205
2024-04-30,12.0900,12.0900,12.0900,12.0900,1
2024-04-29,12.0901,12.0901,12.0900,12.0900,214
2024-04-26,12.0900,12.0900,12.0900,12.0900,103
2024-04-25,12.1000,12.1000,12.1000,12.1000,3
2024-04-24,12.1000,12.1000,12.1000,12.1000,0
2024-04-23,12.1000,12.1000,12.1000,12.1000,0
2024-04-22,12.1000,12.1000,12.1000,12.1000,9
2024-04-19,12.1000,12.1000,12.1000,12.1000,0
2024-04-18,12.1000,12.1000,12.1000,12.1000,805
2024-04-17,12.1600,12.1600,12.1600,12.1600,29
2024-04-16,12.1600,12.1600,12.1600,12.1600,2712
2024-04-15,12.1200,12.1500,12.1200,12.1500,626
2024-04-12,12.1496,12.1496,12.1496,12.1496,1
2024-04-11,12.1496,12.1496,12.1496,12.1496,7
2024-04-10,12.1458,12.1496,12.1458,12.1496,1003
2024-04-09,12.0700,12.1000,12.0700,12.1000,13856
2024-04-08,12.1330,12.1330,12.1330,12.1330,42
2024-04-05,12.1330,12.1330,12.1330,12.1330,107
2024-04-04,12.1330,12.1330,12.1330,12.1330,28
2024-04-03,12.1330,12.1330,12.1330,12.1330,11
2024-04-02,12.1330,12.1330,12.1330,12.1330,211
2024-04-01,12.0658,12.0800,12.0550,12.0800,1309
2024-03-28,12.2074,12.2074,12.0400,12.0800,4504
2024-03-27,12.0700,12.0700,12.0500,12.0500,411
2024-03-26,12.1100,12.2070,12.1100,12.2070,100102
2024-03-25,12.2300,12.2300,12.2300,12.2300,4
2024-03-22,12.2300,12.2300,12.2300,12.2300,2
2024-03-21,12.0500,12.2300,12.0500,12.2300,6721
2024-03-20,12.1200,12.1200,12.1200,12.1200,238
2024-03-19,12.2311,12.2311,12.2311,12.2311,0
2024-03-18,12.2311,12.2311,12.2311,12.2311,8
2024-03-15,12.2311,12.2311,12.2311,12.2311,8
2024-03-14,12.2311,12.2311,12.2311,12.2311,9
2024-03-13,12.2311,12.2311,12.2311,12.2311,10
2024-03-12,12.2311,12.2311,12.2311,12.2311,0
2024-03-11,11.9800,12.2310,11.9800,12.2310,609
2024-03-08,12.2000,12.2000,12.2000,12.2000,1
2024-03-07,12.2100,12.2100,12.2000,12.2000,206
2024-03-06,12.0256,12.0256,12.0256,12.0256,3
2024-03-05,12.0256,12.0256,12.0256,12.0256,1
2024-03-04,12.0256,12.0256,12.0256,12.0256,109
2024-03-01,12.0256,12.0256,12.0256,12.0256,0
2024-02-29,12.0256,12.0256,12.0256,12.0256,12
2024-02-28,12.0256,12.0256,12.0256,12.0256,0
2024-02-27,12.0256,12.0256,12.0256,12.0256,0
2024-02-26,12.0256,12.0256,12.0256,12.0256,8
2024-02-23,12.0256,12.0256,12.0256,12.0256,101
2024-02-22,12.0100,12.0379,11.9700,11.9700,85242
2024-02-21,12.0000,12.0200,11.9500,11.9800,2186
2024-02-20,12.0267,12.0267,12.0267,12.0267,2
2024-02-16,12.0267,12.0267,12.0267,12.0267,6
2024-02-15,12.0267,12.0267,12.0267,12.0267,5
2024-02-14,12.0267,12.0267,12.0267,12.0267,0
2024-02-13,12.0267,12.0267,12.0267,12.0267,5
2024-02-12,12.0267,12.0267,12.0267,12.0267,20
2024-02-09,12.0267,12.0267,12.0267,12.0267,0
2024-02-08,12.0267,12.0267,12.0267,12.0267,2
2024-02-07,12.0267,12.0267,12.0267,12.0267,101
2024-02-06,11.9800,11.9800,11.9800,11.9800,2
2024-02-05,11.9800,11.9800,11.9800,11.9800,9
2024-02-02,11.9800,11.9800,11.9800,11.9800,9
2024-02-01,11.9800,11.9800,11.9800,11.9800,51
2024-01-31,11.9800,11.9800,11.9800,11.9800,1
2024-01-30,11.9800,11.9800,11.9800,11.9800,0
2024-01-29,11.9800,11.9800,11.9800,11.9800,129
2024-01-26,11.9000,11.9000,11.9000,11.9000,0
2024-01-25,11.9000,11.9000,11.9000,11.9000,89
2024-01-24,11.9000,11.9400,11.9000,11.9000,8182
2024-01-23,11.8600,11.9200,11.8500,11.9200,1864
2024-01-22,12.0000,12.0000,12.0000,12.0000,26
2024-01-19,11.8500,12.0000,11.8500,12.0000,1706
2024-01-18,11.9640,11.9640,11.9640,11.9640,101
2024-01-17,11.9640,11.9640,11.9640,11.9640,48
2024-01-16,11.9640,11.9640,11.9640,11.9640,111
2024-01-12,11.9640,11.9640,11.9640,11.9640,140
2024-01-11,11.9640,11.9640,11.9640,11.9640,414
2024-01-10,11.8700,11.9500,11.8500,11.9500,2015
2024-01-09,11.9900,12.2300,11.9900,12.0300,2844
2024-01-08,11.9900,11.9900,11.9900,11.9900,453
2024-01-05,11.8800,11.8800,11.8800,11.8800,200
2024-01-04,11.8300,11.8300,11.8300,11.8300,3
2024-01-03,11.8300,11.8300,11.8300,11.8300,0
2024-01-02,11.8300,11.8300,11.8300,11.8300,28
2023-12-29,11.8300,11.8300,11.8300,11.8300,4
2023-12-28,11.8400,11.8400,11.8300,11.8300,183122
2023-12-27,11.8300,11.8300,11.8300,11.8300,51
2023-12-26,11.8300,11.8300,11.8300,11.8300,10
2023-12-22,11.8300,11.8300,11.8300,11.8300,157
2023-12-21,11.7500,11.8300,11.7500,11.8300,140673
2023-12-20,11.8400,11.8400,11.8400,11.8400,2
2023-12-19,11.8400,11.8400,11.8400,11.8400,0
2023-12-18,11.8400,11.8400,11.8400,11.8400,3
2023-12-15,11.8400,11.8400,11.8400,11.8400,101
2023-12-14,11.7700,11.7700,11.7700,11.7700,1
2023-12-13,11.7700,11.7700,11.7700,11.7700,0
2023-12-12,11.7700,11.7700,11.7700,11.7700,0
2023-12-11,11.7700,11.7700,11.7700,11.7700,117
2023-12-08,11.7500,11.7500,11.7500,11.7500,2993
2023-12-07,11.7500,11.7500,11.7500,11.7500,1
2023-12-06,11.7500,11.7500,11.7500,11.7500,28
2023-12-05,11.7500,11.7500,11.7500,11.7500,0
2023-12-04,11.7500,11.7500,11.7500,11.7500,158
2023-12-01,11.7200,11.7200,11.7200,11.7200,3
2023-11-30,11.7200,11.7200,11.7200,11.7200,0
2023-11-29,11.7200,11.7200,11.7200,11.7200,7
2023-11-28,11.7200,11.7200,11.7200,11.7200,30
2023-11-27,11.7200,11.7200,11.7200,11.7200,1271
2023-11-24,11.7000,11.7000,11.7000,11.7000,75
2023-11-22,11.6900,11.7000,11.6900,11.7000,588
2023-11-21,11.6900,11.6900,11.6895,11.6895,240
2023-11-20,11.6500,11.6900,11.6500,11.6900,2249
2023-11-17,11.6800,11.6800,11.6800,11.6800,1
2023-11-16,11.6800,11.6801,11.6752,11.6800,4954
2023-11-15,11.6500,11.6800,11.6500,11.6800,18878
2023-11-14,11.6400,11.6400,11.6400,11.6400,155
2023-11-13,11.6400,11.6400,11.6400,11.6400,103
2023-11-10,11.6400,11.6400,11.6400,11.6400,3
2023-11-09,11.6400,11.6400,11.6400,11.6400,3
2023-11-08,11.6400,11.6400,11.6400,11.6400,29
2023-11-07,11.6400,11.6400,11.6400,11.6400,394
2023-11-06,11.6400,11.6400,11.6400,11.6400,2056
2023-11-03,11.6200,11.6200,11.6200,11.6200,1133
2023-11-02,11.6200,11.6200,11.6200,11.6200,67
2023-11-01,11.6200,11.6200,11.6200,11.6200,100
2023-10-31,11.6201,11.6201,11.6201,11.6201,0
2023-10-30,11.6201,11.6201,11.6201,11.6201,2
2023-10-27,11.6000,11.6212,11.6000,11.6201,29011
2023-10-26,11.6000,11.6000,11.6000,11.6000,84
2023-10-25,11.6000,11.6000,11.6000,11.6000,3
2023-10-24,11.6000,11.6000,11.6000,11.6000,3
2023-10-23,11.6000,11.6000,11.6000,11.6000,604
2023-10-20,11.6200,11.6200,11.6000,11.6000,26867
2023-10-19,11.6500,11.6500,11.6500,11.6500,6
2023-10-18,11.6500,11.6500,11.6500,11.6500,163
2023-10-17,11.6200,11.6200,11.6200,11.6200,40
2023-10-16,11.6200,11.6200,11.6200,11.6200,43
2023-10-13,11.6200,11.6200,11.6200,11.6200,57
2023-10-12,11.6200,11.6200,11.6200,11.6200,0
2023-10-11,11.6200,11.6200,11.6200,11.6200,0
2023-10-10,11.6200,11.6200,11.6200,11.6200,2
2023-10-09,11.6200,11.6200,11.6200,11.6200,32
2023-10-06,11.6200,11.6200,11.6200,11.6200,307
2023-10-05,11.6200,11.6200,11.6200,11.6200,402
2023-10-04,11.6700,11.6700,11.6700,11.6700,1
2023-10-03,11.6700,11.6700,11.6700,11.6700,40
2023-10-02,11.6700,11.6700,11.6700,11.6700,128
2023-09-29,11.6700,11.6700,11.6700,11.6700,1031
2023-09-28,11.6700,11.6700,11.6700,11.6700,494
2023-09-27,11.6800,11.6800,11.6800,11.6800,364
2023-09-26,11.7000,11.7000,11.7000,11.7000,7
2023-09-25,11.7000,11.7000,11.7000,11.7000,82
2023-09-22,11.6800,11.7000,11.6800,11.7000,2049
2023-09-21,11.6700,11.6800,11.5900,11.5900,2377
2023-09-20,11.6700,11.6700,11.6700,11.6700,5
2023-09-19,11.6700,11.6800,11.6700,11.6700,1781
2023-09-18,11.6172,11.6700,11.5850,11.6700,12205
2023-09-15,11.6000,11.6102,11.6000,11.6100,38259
2023-09-14,11.6000,11.6000,11.6000,11.6000,949
2023-09-13,11.6000,11.6006,11.6000,11.6000,47507
2023-09-12,11.5800,11.6300,11.5500,11.6300,403462
2023-09-11,11.6500,11.6500,11.6500,11.6500,7
2023-09-08,11.6500,11.6500,11.6500,11.6500,245
2023-09-07,11.6496,11.6600,11.6450,11.6500,105095
2023-09-06,11.6148,11.6500,11.6100,11.6425,10383
2023-09-05,11.5000,11.6500,11.5000,11.6000,8267
2023-09-01,11.5500,11.5500,11.5500,11.5500,61
2023-08-31,11.5465,11.5500,11.5250,11.5500,2561
2023-08-30,11.5000,11.5090,11.5000,11.5000,35352
2023-08-29,11.4500,11.5003,11.4499,11.5000,16743
2023-08-28,11.4500,11.4500,11.4500,11.4500,987
2023-08-25,11.4100,11.4100,11.4100,11.4100,117
2023-08-24,11.4100,11.4100,11.4100,11.4100,254
2023-08-23,11.4200,11.4200,11.4000,11.4100,2205
2023-08-22,11.4200,11.4800,11.4100,11.4200,45871
2023-08-21,11.3950,11.3950,11.3950,11.3950,101
2023-08-18,11.2900,11.2900,11.2900,11.2900,6888
2023-08-17,11.2900,11.2900,11.2900,11.2900,0
2023-08-16,11.2900,11.2900,11.2900,11.2900,104
2023-08-15,11.3500,11.4000,11.3500,11.3500,13480
2023-08-14,11.3400,11.3500,11.3400,11.3500,1686
2023-08-11,11.3400,11.3400,11.3400,11.3400,0
2023-08-10,11.3198,11.3400,11.3198,11.3400,220
2023-08-09,11.3400,11.3400,11.3300,11.3300,300
2023-08-08,11.3300,11.3300,11.2450,11.2450,202
2023-08-07,11.2450,11.2450,11.2450,11.2450,199
2023-08-04,11.2400,11.3300,11.2400,11.3300,301
2023-08-03,11.3400,11.3400,11.3400,11.3400,106
2023-08-02,11.3400,11.3400,11.3100,11.3100,240
2023-08-01,11.3400,11.3400,11.3100,11.3100,206
2023-07-31,11.3100,11.3100,11.3100,11.3100,4533
2023-07-28,11.3100,11.3100,11.3100,11.3100,194
2023-07-27,11.3400,11.3400,11.3400,11.3400,83
2023-07-26,11.3400,11.3400,11.3400,11.3400,101
2023-07-25,11.2900,11.2900,11.2900,11.2900,269
2023-07-24,11.3400,11.3400,11.3400,11.3400,0
2023-07-21,11.3400,11.3400,11.3400,11.3400,106
2023-07-20,11.3400,11.3400,11.3400,11.3400,189
2023-07-19,11.3000,11.3500,11.2800,11.2800,1517
2023-07-18,11.3000,11.3000,11.1500,11.2800,2224
2023-07-17,11.2900,11.2900,11.1800,11.1800,200
2023-07-14,11.1700,11.1700,11.1700,11.1700,100
2023-07-13,11.2460,11.2700,11.2460,11.2700,786
2023-07-12,11.2100,11.2700,11.2000,11.2150,7097
2023-07-11,11.1500,11.1500,11.1500,11.1500,200
2023-07-10,11.2100,11.2100,11.2100,11.2100,200
2023-07-07,11.2400,11.2400,11.2100,11.2100,300
2023-07-06,11.2400,11.2400,11.2200,11.2200,600
2023-07-05,11.2400,11.2400,11.2100,11.2100,304
2023-07-03,11.2400,11.2400,11.2100,11.2100,215
2023-06-30,11.2100,11.2100,11.2100,11.2100,100
2023-06-29,11.2100,11.2100,11.2100,11.2100,100
2023-06-28,11.2400,11.2400,11.1900,11.1900,200
2023-06-27,11.1900,11.1900,11.1900,11.1900,100
2023-06-26,11.2397,11.2400,11.2100,11.2100,3600
2023-06-23,11.2400,11.2400,11.2400,11.2400,0
2023-06-22,11.2400,11.2400,11.2400,11.2400,0
2023-06-21,11.2400,11.2400,11.2400,11.2400,20
2023-06-20,11.1800,11.2400,11.1800,11.2400,13669
2023-06-16,11.2400,11.2400,11.2400,11.2400,0
2023-06-15,11.2400,11.2400,11.2400,11.2400,27
2023-06-14,11.2400,11.2400,11.2400,11.2400,26
2023-06-13,11.2400,11.2400,11.2400,11.2400,303
2023-06-12,11.1500,11.1500,11.1500,11.1500,5
2023-06-09,11.1500,11.1500,11.1500,11.1500,0
2023-06-08,11.1500,11.2000,11.1500,11.1500,1106
2023-06-07,11.2000,11.2000,11.1500,11.1500,8716
2023-06-06,11.1600,11.1600,11.1560,11.1600,6276
2023-06-05,11.1500,11.1900,11.1400,11.1400,46204
2023-06-02,11.1300,11.1301,11.1300,11.1300,973
2023-06-01,11.1300,11.1300,11.1300,11.1300,101
2023-05-31,11.1300,11.1300,11.1300,11.1300,175
2023-05-30,11.1400,11.1400,11.1400,11.1400,105
2023-05-26,11.1300,11.1300,11.1300,11.1300,160
2023-05-25,11.1300,11.1300,11.1300,11.1300,110
2023-05-24,11.2300,11.2400,11.1300,11.1300,400
2023-05-23,11.1200,11.1200,11.1200,11.1200,302
2023-05-22,11.1200,11.1200,11.1200,11.1200,619
2023-05-19,11.1200,11.1200,11.1200,11.1200,109
2023-05-18,11.1000,11.1200,11.1000,11.1200,3024
2023-05-17,11.0200,11.0200,11.0200,11.0200,194
2023-05-16,11.0600,11.0600,11.0600,11.0600,1670
2023-05-15,11.0500,11.1000,11.0200,11.0200,2732
2023-05-12,11.0100,12.0000,11.0100,11.1200,76382
2023-05-11,11.0100,11.0100,11.0100,11.0100,105
2023-05-10,10.9500,10.9500,10.9500,10.9500,100
2023-05-09,10.9950,10.9950,10.9950,10.9950,104
2023-05-08,11.0000,11.0200,10.9900,11.0200,1205
2023-05-05,11.0000,11.0000,11.0000,11.0000,101
2023-05-04,11.0400,11.0400,11.0200,11.0200,321
2023-05-03,11.0000,11.0400,11.0000,11.0250,1407
2023-05-02,11.0400,11.0400,11.0200,11.0300,3207
2023-05-01,11.0000,11.0000,11.0000,11.0000,58
2023-04-28,10.9900,11.0000,10.9900,11.0000,501
2023-04-27,11.0100,11.0100,10.9800,10.9800,13472
2023-04-26,10.9100,10.9100,10.9100,10.9100,102
2023-04-25,10.9399,10.9399,10.9399,10.9399,1
2023-04-24,11.0100,11.0100,10.9000,10.9399,951
2023-04-21,10.9300,10.9300,10.9300,10.9300,615
2023-04-20,10.9000,10.9000,10.9000,10.9000,3
2023-04-19,10.9000,10.9000,10.9000,10.9000,50
2023-04-18,10.9000,10.9000,10.9000,10.9000,1198
2023-04-17,10.9000,10.9000,10.9000,10.9000,100
2023-04-14,10.9000,10.9000,10.9000,10.9000,2011
2023-04-13,10.8800,10.8800,10.8800,10.8800,21
2023-04-12,10.8800,10.8800,10.8800,10.8800,0
2023-04-11,10.8800,10.8800,10.8800,10.8800,0
2023-04-10,10.8900,10.8900,10.8800,10.8800,1070
2023-04-06,10.8800,10.8800,10.8800,10.8800,102
2023-04-05,10.8900,10.8900,10.8900,10.8900,652
2023-04-04,10.8800,10.8800,10.8800,10.8800,2106
2023-04-03,10.8700,10.8800,10.8700,10.8700,12005
2023-03-31,10.8700,10.8700,10.8700,10.8700,1000
2023-03-30,10.8600,10.8600,10.8600,10.8600,1001
2023-03-29,10.8560,10.8600,10.8500,10.8500,1005
2023-03-28,10.8500,10.8600,10.8400,10.8600,7661
2023-03-27,10.8400,10.8500,10.8300,10.8500,3094
2023-03-24,10.8400,10.8400,10.8200,10.8400,10618
2023-03-23,10.8100,10.8300,10.8100,10.8300,2779
2023-03-22,10.8200,10.8200,10.8200,10.8200,313
2023-03-21,10.8000,10.8200,10.8000,10.8195,10918
2023-03-20,10.8100,10.8100,10.8000,10.8100,320
2023-03-17,10.8000,10.8000,10.7900,10.7900,916
2023-03-16,10.7900,10.7900,10.7900,10.7900,243
2023-03-15,10.7900,10.7900,10.7900,10.7900,120
2023-03-14,10.7900,10.7900,10.7900,10.7900,25
2023-03-13,10.8000,10.8000,10.7900,10.7900,225
2023-03-10,10.8000,10.8000,10.8000,10.8000,130
2023-03-09,10.8000,10.8000,10.8000,10.8000,140
2023-03-08,10.7900,10.7900,10.7900,10.7900,17
2023-03-07,10.7900,10.7900,10.7900,10.7900,290
2023-03-06,10.8000,10.8000,10.8000,10.8000,107
2023-03-03,10.8000,10.8100,10.8000,10.8099,21602
2023-03-02,10.7900,10.8000,10.7900,10.8000,200
2023-03-01,10.7900,10.8100,10.7900,10.7900,5610
2023-02-28,10.7700,10.7700,10.7700,10.7700,48
2023-02-27,10.7900,10.7900,10.7700,10.7700,795
2023-02-24,10.8007,10.8007,10.7900,10.8000,101481
2023-02-23,10.8000,10.8000,10.8000,10.8000,149
2023-02-22,10.7901,10.7901,10.7901,10.7901,0
2023-02-21,10.7901,10.7901,10.7901,10.7901,1
2023-02-17,10.7901,10.7901,10.7901,10.7901,103
2023-02-16,10.7900,10.7900,10.7900,10.7900,301
2023-02-15,10.7800,10.7900,10.7800,10.7900,83597
2023-02-14,10.7700,10.7700,10.7700,10.7700,116
2023-02-13,10.7700,10.7700,10.7700,10.7700,18
2023-02-10,10.7700,10.7700,10.7700,10.7700,0
2023-02-09,10.7700,10.7700,10.7700,10.7700,145
2023-02-08,10.7700,10.7700,10.7700,10.7700,122
2023-02-07,10.7700,10.7700,10.7700,10.7700,175
2023-02-06,10.7750,10.7807,10.7750,10.7750,11330
2023-02-03,10.7700,10.7800,10.7000,10.7800,28700
2023-02-02,10.7900,10.7900,10.7899,10.7899,1992
2023-02-01,10.7800,10.7900,10.7800,10.7800,510
2023-01-31,10.7800,10.7800,10.7800,10.7800,669
2023-01-30,10.8000,10.8000,10.8000,10.8000,735
2023-01-27,10.8000,10.8000,10.7800,10.7800,623
2023-01-26,10.8000,10.8000,10.8000,10.8000,355
2023-01-25,10.7700,10.7800,10.7600,10.7600,2630
2023-01-24,10.7700,10.7700,10.7700,10.7700,501
2023-01-23,10.7700,10.7700,10.7698,10.7700,735
2023-01-20,10.7500,10.7500,10.7400,10.7400,1100
2023-01-19,10.7300,10.7500,10.7300,10.7500,2811
2023-01-18,10.7300,10.7325,10.7300,10.7325,460
2023-01-17,10.7250,10.7300,10.7250,10.7300,303
2023-01-13,10.7200,10.7200,10.7200,10.7200,892
2023-01-12,10.7000,10.7000,10.7000,10.7000,3
2023-01-11,10.7000,10.7000,10.7000,10.7000,68
2023-01-10,10.7000,10.7150,10.7000,10.7000,1892
2023-01-09,10.6900,10.7000,10.6750,10.6900,10342
2023-01-06,11.1500,11.2500,10.6700,10.6700,23716
2023-01-05,11.0000,11.1600,10.6200,10.6800,8277
2023-01-04,11.0000,11.7700,10.6500,10.7000,3407
2023-01-03,10.8900,10.8900,10.6200,10.6500,425280
2022-12-30,10.7900,11.7500,10.6200,10.6200,14843
2022-12-29,10.5101,11.0900,10.5101,11.0500,2610
2022-12-28,10.6900,10.6900,10.6900,10.6900,531
2022-12-27,10.6300,10.6300,10.6300,10.6300,8
2022-12-23,10.6300,10.6300,10.6300,10.6300,8210
2022-12-22,10.6300,10.6300,10.6300,10.6300,200
2022-12-21,10.6450,10.6450,10.6450,10.6450,942
2022-12-20,10.6600,10.6600,10.6200,10.6200,3800
2022-12-19,10.6700,10.6700,10.6700,10.6700,59
2022-12-16,10.6700,10.6700,10.6700,10.6700,1553
2022-12-15,10.6100,10.6100,10.6100,10.6100,9343
2022-12-14,10.6100,10.6100,10.6050,10.6100,3800
2022-12-13,10.6100,10.6100,10.6100,10.6100,1300
2022-12-12,10.6100,10.6100,10.6100,10.6100,600
2022-12-09,10.6200,10.6200,10.6200,10.6200,500
2022-12-08,10.6200,10.6200,10.6200,10.6200,0
2022-12-07,10.6100,10.6500,10.6100,10.6200,25800
2022-12-06,10.6000,10.6000,10.5900,10.6000,5690
2022-12-05,10.5900,10.5900,10.5900,10.5900,96
2022-12-02,10.5900,10.5900,10.5900,10.5900,2
2022-12-01,10.5900,10.5900,10.5900,10.5900,1274
2022-11-30,10.5900,10.5900,10.5900,10.5900,3602
2022-11-29,10.5800,10.5900,10.5800,10.5900,5711
2022-11-28,10.5750,10.5750,10.5750,10.5750,1000
2022-11-25,10.5400,10.5400,10.5400,10.5400,75000
2022-11-23,10.5600,10.5600,10.5600,10.5600,0
2022-11-22,10.5600,10.5600,10.5600,10.5600,200
2022-11-21,10.5600,10.5600,10.5600,10.5600,5600
2022-11-18,10.5500,10.5500,10.5500,10.5500,1004
2022-11-17,10.5400,10.5400,10.5400,10.5400,1001
2022-11-16,10.5500,10.5500,10.5500,10.5500,2203
2022-11-15,10.5400,10.5400,10.5400,10.5400,1000
2022-11-14,10.5300,10.5300,10.5300,10.5300,3098
2022-11-11,10.5300,10.5300,10.5300,10.5300,5100
2022-11-10,10.5300,10.5300,10.5300,10.5300,1
2022-11-09,10.5200,10.5300,10.5200,10.5300,33177
2022-11-08,10.5200,10.5250,10.5200,10.5200,20140
2022-11-07,10.5200,10.5200,10.5200,10.5200,1000
2022-11-04,10.5250,10.5250,10.5250,10.5250,1
2022-11-03,10.5250,10.5250,10.5250,10.5250,1
2022-11-02,10.5250,10.5250,10.5250,10.5250,0
2022-11-01,10.5000,10.5250,10.5000,10.5250,80982
2022-10-31,10.5000,10.5000,10.5000,10.5000,3400
2022-10-28,10.5100,10.5100,10.5100,10.5100,4301
2022-10-27,10.5100,10.5100,10.5100,10.5100,0
2022-10-26,10.5100,10.5100,10.5100,10.5100,105
2022-10-25,10.4923,10.4923,10.4923,10.4923,3
2022-10-24,10.4923,10.4923,10.4923,10.4923,0
2022-10-21,10.4923,10.4923,10.4923,10.4923,0
2022-10-20,10.4923,10.4923,10.4923,10.4923,154
2022-10-19,10.4800,10.4800,10.4800,10.4800,3001
2022-10-18,10.5100,10.5100,10.5100,10.5100,301
2022-10-17,10.5000,10.5000,10.5000,10.5000,3
2022-10-14,10.4850,10.5000,10.4850,10.5000,3500
2022-10-13,10.5000,10.5000,10.5000,10.5000,7
2022-10-12,10.5000,10.5000,10.5000,10.5000,15007
2022-10-11,10.5000,10.5000,10.5000,10.5000,9010
2022-10-10,10.5000,10.5000,10.5000,10.5000,7
2022-10-07,10.5000,10.5000,10.5000,10.5000,20172
2022-10-06,10.4500,10.4500,10.4500,10.4500,15081
2022-10-05,10.4500,10.4500,10.4450,10.4500,36802
2022-10-04,10.4500,10.4600,10.4450,10.4500,49602
2022-10-03,10.4450,10.4500,10.4450,10.4500,10901
2022-09-30,10.4300,10.4300,10.4300,10.4300,26202
2022-09-29,10.4300,10.4300,10.4300,10.4300,2
2022-09-28,10.4300,10.4300,10.4300,10.4300,2
2022-09-27,10.4300,10.4300,10.4300,10.4300,2
2022-09-26,10.4300,10.4300,10.4300,10.4300,9431
2022-09-23,10.4300,10.4300,10.4300,10.4300,2
2022-09-22,10.4300,10.4300,10.4300,10.4300,4
2022-09-21,10.4300,10.4300,10.4300,10.4300,5525
2022-09-20,10.4300,10.4373,10.4300,10.4301,2970
2022-09-19,10.4200,10.4273,10.4200,10.4200,752
2022-09-16,10.4200,10.4200,10.4200,10.4200,3
2022-09-15,10.4200,10.4200,10.4200,10.4200,2
2022-09-14,10.4200,10.4200,10.4200,10.4200,11502
2022-09-13,10.4200,10.4200,10.4200,10.4200,9
2022-09-12,10.4200,10.4200,10.4200,10.4200,3
2022-09-09,10.4200,10.4200,10.4200,10.4200,4802
2022-09-08,10.4000,10.4000,10.4000,10.4000,2
2022-09-07,10.4000,10.4000,10.4000,10.4000,24
2022-09-06,10.4000,10.4000,10.4000,10.4000,51
2022-09-02,10.4000,10.4000,10.4000,10.4000,2
2022-09-01,10.4000,10.4000,10.4000,10.4000,2
2022-08-31,10.4000,10.4000,10.4000,10.4000,6
2022-08-30,10.4000,10.4000,10.4000,10.4000,4
2022-08-29,10.4000,10.4000,10.4000,10.4000,2
2022-08-26,10.4000,10.4000,10.4000,10.4000,5005
2022-08-25,10.4000,10.4000,10.4000,10.4000,3
2022-08-24,10.4000,10.4000,10.4000,10.4000,2
2022-08-23,10.4000,10.4000,10.4000,10.4000,5003
2022-08-22,10.4400,10.4400,10.4000,10.4000,19930
2022-08-19,10.4200,10.4200,10.4200,10.4200,770
2022-08-18,10.3800,10.3800,10.3800,10.3800,2
2022-08-17,10.3800,10.3800,10.3800,10.3800,3
2022-08-16,10.3800,10.3800,10.3800,10.3800,4
2022-08-15,10.3793,10.3800,10.3750,10.3800,9231
2022-08-12,10.3693,10.3700,10.3600,10.3700,3767
2022-08-11,10.3500,10.3500,10.3500,10.3500,107
2022-08-10,10.3500,10.3500,10.3500,10.3500,1
2022-08-09,10.3500,10.3500,10.3500,10.3500,0
2022-08-08,10.3500,10.3500,10.3500,10.3500,100
2022-08-05,10.3500,10.3500,10.3500,10.3500,8
2022-08-04,10.3500,10.3500,10.3500,10.3500,118
2022-08-03,10.3400,10.3400,10.3400,10.3400,2
2022-08-02,10.3700,10.3700,10.3400,10.3400,7768
2022-08-01,10.3500,10.3500,10.3500,10.3500,10100
2022-07-29,10.3500,10.3500,10.3400,10.3400,15338
2022-07-28,10.3550,10.3550,10.3400,10.3400,7500
2022-07-27,10.3500,10.3500,10.3400,10.3500,113133
2022-07-26,10.3300,10.3300,10.3300,10.3300,4414
2022-07-25,10.3400,10.3400,10.3400,10.3400,113906
2022-07-22,10.3200,10.3200,10.3200,10.3200,200
2022-07-21,10.3400,10.3400,10.3200,10.3200,1351
2022-07-20,10.3159,10.3159,10.3159,10.3159,4
2022-07-19,10.3159,10.3159,10.3159,10.3159,0
2022-07-18,10.3159,10.3159,10.3159,10.3159,0
2022-07-15,10.3159,10.3159,10.3159,10.3159,100
2022-07-14,10.3250,10.3250,10.3100,10.3100,34249
2022-07-13,10.3100,10.3100,10.3100,10.3100,424
2022-07-12,10.3101,10.3101,10.3100,10.3100,202
2022-07-11,10.3000,10.3000,10.3000,10.3000,125
2022-07-08,10.3000,10.3000,10.3000,10.3000,50001
2022-07-07,10.3000,10.3000,10.3000,10.3000,4
2022-07-06,10.3000,10.3000,10.3000,10.3000,758
2022-07-05,10.3000,10.3000,10.3000,10.3000,130
2022-07-01,10.3100,10.3100,10.3000,10.3000,9904
2022-06-30,10.3000,10.3000,10.3000,10.3000,400
2022-06-29,10.3100,10.3100,10.3100,10.3100,0
2022-06-28,10.3100,10.3100,10.3100,10.3100,0
2022-06-27,10.3100,10.3100,10.3100,10.3100,2
2022-06-24,10.3100,10.3100,10.3100,10.3100,705
2022-06-23,10.2800,10.2800,10.2800,10.2800,8
2022-06-22,10.2800,10.2800,10.2800,10.2800,1
2022-06-21,10.2800,10.2800,10.2800,10.2800,1001
2022-06-17,10.2800,10.2800,10.2800,10.2800,0
2022-06-16,10.2800,10.2800,10.2800,10.2800,2
2022-06-15,10.2800,10.2800,10.2800,10.2800,4
2022-06-14,10.2800,10.2800,10.2800,10.2800,9515
2022-06-13,10.2800,10.2800,10.2800,10.2800,26685
2022-06-10,10.2800,10.2800,10.2800,10.2800,0
2022-06-09,10.2800,10.2800,10.2800,10.2800,14
2022-06-08,10.2800,10.2800,10.2800,10.2800,1
2022-06-07,10.2800,10.2800,10.2800,10.2800,5411
2022-06-06,10.2700,10.2800,10.2700,10.2800,203
2022-06-03,10.2700,10.2700,10.2700,10.2700,11
2022-06-02,10.2693,10.2700,10.2693,10.2700,1987
2022-06-01,10.2700,10.2700,10.2700,10.2700,105
2022-05-31,10.2700,10.2700,10.2700,10.2700,180
2022-05-27,10.2700,10.2700,10.2700,10.2700,267
2022-05-26,10.2600,10.2600,10.2500,10.2500,19700
2022-05-25,10.2699,10.2699,10.2699,10.2699,487
2022-05-24,10.2600,10.2600,10.2600,10.2600,109
2022-05-23,10.2400,10.2400,10.2400,10.2400,17
2022-05-20,10.2400,10.2400,10.2400,10.2400,1
2022-05-19,10.2400,10.2400,10.2400,10.2400,1
2022-05-18,10.2400,10.2400,10.2400,10.2400,0
2022-05-17,10.2400,10.2400,10.2400,10.2400,1
2022-05-16,10.2400,10.2400,10.2400,10.2400,2
2022-05-13,10.2400,10.2400,10.2400,10.2400,3
2022-05-12,10.2400,10.2400,10.2400,10.2400,5000
2022-05-11,10.2400,10.2400,10.2400,10.2400,201
2022-05-10,10.2400,10.2400,10.2400,10.2400,11404
2022-05-09,10.2400,10.2400,10.2400,10.2400,12
2022-05-06,10.2400,10.2400,10.2400,10.2400,103
2022-05-05,10.2400,10.2400,10.2400,10.2400,22
2022-05-04,10.2400,10.2400,10.2400,10.2400,0
2022-05-03,10.2400,10.2400,10.2400,10.2400,0
2022-05-02,10.2400,10.2400,10.2400,10.2400,0
2022-04-29,10.2400,10.2400,10.2400,10.2400,21
2022-04-28,10.2400,10.2400,10.2400,10.2400,3460
2022-04-27,10.2400,10.2400,10.2400,10.2400,0
2022-04-26,10.2400,10.2400,10.2400,10.2400,0
2022-04-25,10.2400,10.2400,10.2400,10.2400,1
2022-04-22,10.2400,10.2400,10.2400,10.2400,0
2022-04-21,10.2400,10.2400,10.2400,10.2400,0
2022-04-20,10.2400,10.2400,10.2400,10.2400,0
2022-04-19,10.2400,10.2400,10.2400,10.2400,50
2022-04-18,10.2400,10.2400,10.2400,10.2400,2
2022-04-14,10.2400,10.2400,10.2400,10.2400,15900
2022-04-13,10.2400,10.2400,10.2400,10.2400,0
2022-04-12,10.2400,10.2400,10.2400,10.2400,194
2022-04-11,10.2400,10.2400,10.2400,10.2400,100
2022-04-08,10.2150,10.2150,10.2150,10.2150,1007
2022-04-07,10.2000,10.2000,10.2000,10.2000,10000
2022-04-06,10.2000,10.2000,10.2000,10.2000,0
2022-04-05,10.2000,10.2000,10.2000,10.2000,0
2022-04-04,10.2000,10.2000,10.2000,10.2000,4
2022-04-01,10.2000,10.2000,10.2000,10.2000,2
2022-03-31,10.2000,10.2000,10.2000,10.2000,92
2022-03-30,10.2000,10.2000,10.2000,10.2000,30
2022-03-29,10.2000,10.2000,10.2000,10.2000,0
2022-03-28,10.1900,10.2000,10.1900,10.2000,14344
2022-03-25,10.1899,10.1900,10.1897,10.1899,11503
2022-03-24,10.1900,10.1900,10.1800,10.1800,2042
2022-03-23,10.1900,10.1900,10.1900,10.1900,824
2022-03-22,10.1900,10.1900,10.1800,10.1800,1519
2022-03-21,10.1800,10.1800,10.1800,10.1800,22
2022-03-18,10.1800,10.1800,10.1800,10.1800,0
2022-03-17,10.1800,10.1800,10.1800,10.1800,3000
2022-03-16,10.1700,10.1700,10.1700,10.1700,366
2022-03-15,10.1797,10.1797,10.1797,10.1797,251
2022-03-14,10.1700,10.1700,10.1700,10.1700,2085
2022-03-11,10.1700,10.1700,10.1700,10.1700,153
2022-03-10,10.1700,10.1700,10.1700,10.1700,0
2022-03-09,10.1700,10.1700,10.1700,10.1700,0
2022-03-08,10.1700,10.1700,10.1700,10.1700,11
2022-03-07,10.1700,10.1700,10.1700,10.1700,4
2022-03-04,10.1400,10.1700,10.1400,10.1700,9033
2022-03-03,10.1900,10.4700,10.1000,10.1400,13708
2022-03-02,10.1600,10.1600,10.1600,10.1600,2051
2022-03-01,10.1400,10.1400,10.1400,10.1400,4
2022-02-28,10.1400,10.1400,10.1400,10.1400,0
2022-02-25,10.1400,10.1400,10.1400,10.1400,4
2022-02-24,10.1400,10.1400,10.1400,10.1400,1
2022-02-23,10.1400,10.1400,10.1400,10.1400,3
2022-02-22,10.1400,10.1400,10.1400,10.1400,9
2022-02-18,10.1400,10.1400,10.1400,10.1400,0
2022-02-17,10.1400,10.1400,10.1400,10.1400,0
2022-02-16,10.1400,10.1400,10.1400,10.1400,117
2022-02-15,10.1400,10.1400,10.1400,10.1400,1
2022-02-14,10.1400,10.1400,10.1400,10.1400,606
2022-02-11,10.1400,10.1400,10.1400,10.1400,2
2022-02-10,10.1400,10.1400,10.1400,10.1400,0
2022-02-09,10.1400,10.1400,10.1400,10.1400,0
2022-02-08,10.1400,10.1400,10.1400,10.1400,6
2022-02-07,10.1300,10.1400,10.1300,10.1400,1203
2022-02-04,10.1350,10.1350,10.1350,10.1350,0
2022-02-03,10.1350,10.1350,10.1350,10.1350,2
2022-02-02,10.1350,10.1350,10.1350,10.1350,2
2022-02-01,10.1200,10.1350,10.1200,10.1350,7852
2022-01-31,10.1201,10.1201,10.1201,10.1201,150
2022-01-28,10.1300,10.1300,10.1300,10.1300,1
2022-01-27,10.1300,10.1300,10.1300,10.1300,3
2022-01-26,10.1300,10.1300,10.1200,10.1300,1358
2022-01-25,10.1154,10.1154,10.1154,10.1154,2
2022-01-24,10.1154,10.1154,10.1154,10.1154,8
2022-01-21,10.1154,10.1154,10.1154,10.1154,112
2022-01-20,10.1154,10.1154,10.1154,10.1154,2
2022-01-19,10.1154,10.1154,10.1154,10.1154,22
2022-01-18,10.1154,10.1154,10.1154,10.1154,1001
2022-01-14,10.1154,10.1154,10.1154,10.1154,1142
2022-01-13,10.1500,10.1500,10.1500,10.1500,0
2022-01-12,10.1500,10.1500,10.1500,10.1500,0
2022-01-11,10.1500,10.1500,10.1500,10.1500,0
2022-01-10,10.1500,10.1500,10.1500,10.1500,4
2022-01-07,10.1500,10.1500,10.1500,10.1500,5
2022-01-06,10.1500,10.1500,10.1500,10.1500,0
2022-01-05,10.1500,10.1500,10.1500,10.1500,5
2022-01-04,10.1500,10.1500,10.1500,10.1500,6
2022-01-03,10.1500,10.1500,10.1500,10.1500,0
2021-12-31,10.1500,10.1500,10.1500,10.1500,0
2021-12-30,10.1500,10.1500,10.1500,10.1500,0
2021-12-29,10.1500,10.1500,10.1500,10.1500,1
2021-12-28,10.1250,10.1500,10.1250,10.1500,300
2021-12-27,10.1250,10.1250,10.1250,10.1250,100
2021-12-23,10.0700,10.0700,10.0700,10.0700,0
2021-12-22,10.0700,10.0700,10.0700,10.0700,2049
2021-12-21,10.0700,10.0700,10.0700,10.0700,499
2021-12-20,10.0700,10.0700,10.0700,10.0700,241
2021-12-17,10.0739,10.0739,10.0739,10.0739,30
2021-12-16,10.0739,10.0739,10.0739,10.0739,7500
2021-12-15,10.0700,10.0700,10.0700,10.0700,1
2021-12-14,10.0700,10.0700,10.0700,10.0700,15209
2021-12-13,10.0700,10.0700,10.0700,10.0700,112
2021-12-10,10.0700,10.0700,10.0700,10.0700,17
2021-12-09,10.0700,10.0700,10.0700,10.0700,50
2021-12-08,10.0700,10.0700,10.0700,10.0700,5251
2021-12-07,10.1400,10.1500,10.0700,10.0700,21300
2021-12-06,10.1200,10.1400,10.1200,10.1400,1503
2021-12-03,10.1004,10.1004,10.1004,10.1004,20
2021-12-02,10.1004,10.1004,10.1004,10.1004,100
2021-12-01,10.0800,10.0800,10.0800,10.0800,0
2021-11-30,10.0800,10.0800,10.0800,10.0800,2
2021-11-29,10.0800,10.0800,10.0800,10.0800,0
2021-11-26,10.0800,10.0800,10.0800,10.0800,2
2021-11-24,10.0800,10.0800,10.0800,10.0800,202
2021-11-23,10.0800,10.0800,10.0800,10.0800,0
2021-11-22,10.0800,10.0800,10.0800,10.0800,37
2021-11-19,10.0800,10.0800,10.0800,10.0800,0
2021-11-18,10.0800,10.0800,10.0800,10.0800,0
2021-11-17,10.0800,10.0800,10.0800,10.0800,0
2021-11-16,10.1100,10.1100,10.0800,10.0800,546
2021-11-15,10.1000,10.1000,10.1000,10.1000,6
2021-11-12,10.1000,10.1000,10.1000,10.1000,2
2021-11-11,10.1000,10.1000,10.1000,10.1000,54
2021-11-10,10.1000,10.1000,10.1000,10.1000,1
2021-11-09,10.1000,10.1000,10.1000,10.1000,957
2021-11-08,10.0700,10.0700,10.0700,10.0700,6001
2021-11-05,10.0900,10.0900,10.0900,10.0900,45
2021-11-04,10.0900,10.0900,10.0900,10.0900,2111
2021-11-03,10.0900,10.0900,10.0900,10.0900,0
2021-11-02,10.0900,10.0900,10.0900,10.0900,0
2021-11-01,10.1000,10.1300,10.0714,10.0900,705
2021-10-29,10.1500,10.1500,10.1480,10.1480,906
2021-10-28,10.0700,10.0700,10.0700,10.0700,0
2021-10-27,10.0700,10.0700,10.0700,10.0700,1601
2021-10-26,10.0600,10.0600,10.0600,10.0600,3477
2021-10-25,10.1700,10.1700,10.1700,10.1700,5
2021-10-22,10.1700,10.1700,10.1700,10.1700,1
2021-10-21,10.1700,10.1700,10.1700,10.1700,4
2021-10-20,10.1700,10.1700,10.1700,10.1700,44
2021-10-19,10.1700,10.1700,10.1700,10.1700,94
2021-10-18,10.1600,10.1700,10.1600,10.1700,1800
2021-10-15,10.0517,10.0517,10.0517,10.0517,0
2021-10-14,10.0517,10.0517,10.0517,10.0517,136
2021-10-13,10.0700,10.0700,10.0700,10.0700,0
2021-10-12,10.0700,10.0700,10.0700,10.0700,219
2021-10-11,10.1680,10.1680,10.1680,10.1680,105
2021-10-08,10.1700,10.1700,10.1700,10.1700,100
2021-10-07,10.1000,10.1000,10.1000,10.1000,5790
2021-10-06,10.0412,10.0412,10.0412,10.0412,503
2021-10-05,10.1400,10.1400,10.1300,10.1300,634
2021-10-04,10.1600,10.1600,10.1600,10.1600,34
2021-10-01,10.1600,10.1600,10.1050,10.1600,835
2021-09-30,10.1000,10.1000,10.0400,10.0500,3186
2021-09-29,10.0700,10.0700,10.0700,10.0700,6111
2021-09-28,10.0700,10.0700,10.0700,10.0700,31
2021-09-27,10.0700,10.0700,10.0700,10.0700,2
2021-09-24,10.0700,10.0700,10.0700,10.0700,5914
2021-09-23,10.0500,10.0500,10.0500,10.0500,204
2021-09-22,10.0300,10.0700,10.0300,10.0700,25656
2021-09-21,10.0500,10.0500,10.0500,10.0500,137
2021-09-20,10.0000,10.0800,10.0000,10.0800,3310
2021-09-17,10.0000,10.0000,10.0000,10.0000,4
2021-09-16,10.0000,10.0000,10.0000,10.0000,8
2021-09-15,10.0200,10.0200,10.0000,10.0000,411
2021-09-14,10.0000,10.0500,10.0000,10.0500,10230
2021-09-13,10.0000,10.0000,10.0000,10.0000,32
2021-09-10,10.0000,10.0000,10.0000,10.0000,250
2021-09-09,10.0500,10.0500,10.0400,10.0400,1336
2021-09-08,10.0465,10.0500,10.0465,10.0500,298
2021-09-07,9.9801,9.9801,9.9801,9.9801,1
2021-09-03,9.9801,9.9801,9.9801,9.9801,9
2021-09-02,9.9800,9.9801,9.9800,9.9801,5244
2021-09-01,10.0300,10.0300,9.9600,9.9836,1904
2021-08-31,9.9600,9.9600,9.9600,9.9600,509
2021-08-30,10.0000,10.0000,10.0000,10.0000,932
2021-08-27,10.0000,10.0000,10.0000,10.0000,62
2021-08-26,10.0400,10.0500,10.0000,10.0000,14296
2021-08-25,10.0445,10.0500,9.9900,9.9975,76637
2021-08-24,9.9900,9.9900,9.9900,9.9900,45
2021-08-23,9.9900,9.9900,9.9900,9.9900,4
2021-08-20,9.9900,9.9900,9.9900,9.9900,4012
2021-08-19,10.0400,10.0400,10.0400,10.0400,14
2021-08-18,10.0400,10.0400,10.0400,10.0400,0
2021-08-17,10.0400,10.0400,10.0400,10.0400,101
2021-08-16,9.9915,9.9915,9.9915,9.9915,0
2021-08-13,9.9915,9.9915,9.9915,9.9915,10
2021-08-12,9.9915,9.9915,9.9915,9.9915,52
2021-08-11,9.9915,9.9915,9.9915,9.9915,6
2021-08-10,9.9915,9.9915,9.9915,9.9915,0
2021-08-09,9.9915,9.9915,9.9915,9.9915,13
2021-08-06,9.9500,9.9915,9.9500,9.9915,211
2021-08-05,9.9500,9.9500,9.9500,9.9500,0
2021-08-04,9.9500,9.9500,9.9500,9.9500,3
2021-08-03,9.9500,9.9500,9.9500,9.9500,0
2021-08-02,9.9500,9.9500,9.9500,9.9500,17
2021-07-30,9.9500,9.9500,9.9500,9.9500,1903
2021-07-29,9.9300,9.9300,9.9300,9.9300,2
2021-07-28,9.9300,9.9300,9.9300,9.9300,1
2021-07-27,9.9300,9.9300,9.9200,9.9300,243603
2021-07-26,9.9417,9.9500,9.9000,9.9150,62532
2021-07-23,9.9400,9.9500,9.9400,9.9500,60018
2021-07-22,10.0500,10.0500,10.0500,10.0500,0
2021-07-21,10.0500,10.0500,10.0500,10.0500,0
2021-07-20,10.0500,10.0500,10.0500,10.0500,1
2021-07-19,10.0500,10.0500,10.0500,10.0500,0
2021-07-16,10.0500,10.0500,10.0500,10.0500,151
2021-07-15,10.0500,10.0500,10.0500,10.0500,1
2021-07-14,10.0500,10.0500,10.0500,10.0500,9
2021-07-13,10.0500,10.0500,10.0500,10.0500,37
2021-07-12,10.0500,10.0500,10.0500,10.0500,7
2021-07-09,10.0500,10.0500,10.0500,10.0500,66
2021-07-08,10.0500,10.0500,10.0500,10.0500,11
2021-07-07,10.0500,10.0500,10.0500,10.0500,0
2021-07-06,10.0500,10.0500,10.0500,10.0500,102
2021-07-02,9.9750,9.9750,9.9750,9.9750,1
2021-07-01,9.9750,9.9750,9.9750,9.9750,160038
2021-06-30,10.0500,10.0500,10.0500,10.0500,421
2021-06-29,10.0500,10.0500,10.0500,10.0500,739
2021-06-28,10.0500,10.0500,10.0500,10.0500,8
2021-06-25,10.0500,10.0500,10.0500,10.0500,10
2021-06-24,10.0500,10.0500,10.0500,10.0500,1836
2021-06-23,9.9600,10.0000,9.9400,10.0000,18708
2021-06-22,10.0000,10.0900,10.0000,10.0500,4318
2021-06-21,10.0300,10.0300,9.9350,10.0000,3373
2021-06-18,10.0250,10.0250,10.0250,10.0250,0
2021-06-17,10.0100,10.0250,10.0100,10.0250,2289
2021-06-16,9.9900,10.0300,9.9900,10.0300,3780
2021-06-15,10.0100,10.0100,10.0000,10.0000,138516
2021-06-14,10.0000,10.0000,10.0000,10.0000,1050
2021-06-11,10.0000,10.0000,10.0000,10.0000,1100
2021-06-10,10.0000,10.0300,10.0000,10.0000,176657
2021-06-09,10.0000,10.0000,10.0000,10.0000,15
2021-06-08,10.0000,10.0000,10.0000,10.0000,5619
2021-06-07,9.9750,10.0000,9.9750,10.0000,2665
2021-06-04,9.9700,10.0500,9.9700,10.0500,24002
2021-06-03,9.9200,9.9700,9.9000,9.9700,6219
2021-06-02,9.9106,9.9106,9.9106,9.9106,5
2021-06-01,9.9106,9.9106,9.9106,9.9106,23
2021-05-28,9.9000,9.9400,9.8700,9.9106,68520
2021-05-27,9.9000,12.0000,9.8500,9.8500,8925
2021-05-26,9.7500,9.7500,9.7000,9.7500,20417
